"loan_purpose","n","bad_rate"
"Education",50,0.44
"Others",12,0.416666666666667
"Car (new)",234,0.38034188034188
"Repairs",22,0.363636363636364
"Business",97,0.350515463917526
"Domestic appliances",12,0.333333333333333
"Furniture / equipment",181,0.320441988950276
"Radio / television",280,0.221428571428571
"Car (used)",103,0.16504854368932
"Retraining",9,0.111111111111111
