"savings","n","bad_rate"
"< 100 DM",603,0.359867330016584
"100 to < 500 DM",103,0.330097087378641
"Unknown / no savings account",183,0.174863387978142
"500 to < 1000 DM",63,0.174603174603175
">= 1000 DM",48,0.125
