"account_status","n","bad_rate"
"< 0 DM",274,0.492700729927007
"0 to < 200 DM",269,0.390334572490706
">= 200 DM / salary assignments for at least 1 year",63,0.222222222222222
"No checking account",394,0.116751269035533
