"employment_duration","n","bad_rate"
"< 1 year",172,0.406976744186047
"Unemployed",62,0.370967741935484
"1 to < 4 years",339,0.306784660766962
">= 7 years",253,0.25296442687747
"4 to < 7 years",174,0.224137931034483
